<$><st>1</st></$><Ponedeljek><Zaposlen><$><id>2</id></$><Prihod>8:00</Prihod><Odhod>16:00</Odhod><$><id>3</id></$><Prihod>9:00</Prihod><Odhod>13:00</Odhod></Zaposlen></Ponedeljek><Torek><Zaposlen><$><id>6</id></$><Prihod>7:00</Prihod><Odhod>14:00</Odhod></Zaposlen></Torek><Sreda><Zaposlen><$><id>1</id></$><Prihod>6:00</Prihod><Odhod>14:00</Odhod><$><id>2</id></$><Prihod>10:00</Prihod><Odhod>19:00</Odhod><$><id>3</id></$><Prihod>11:00</Prihod><Odhod>13:00</Odhod><$><id>4</id></$><Prihod>8:00</Prihod><Odhod>10:00</Odhod></Zaposlen></Sreda><Cetrtek><Zaposlen><$><id>3</id></$><Prihod>6:00</Prihod><Odhod>15:00</Odhod></Zaposlen></Cetrtek><Petek><Zaposlen><$><id>1</id></$><Prihod>8:00</Prihod><Odhod>16:00</Odhod><$><id>2</id></$><Prihod>9:00</Prihod><Odhod>17:00</Odhod><$><id>3</id></$><Prihod>7:00</Prihod><Odhod>11:00</Odhod><$><id>4</id></$><Prihod>15:00</Prihod><Odhod>21:00</Odhod><$><id>5</id></$><Prihod>10:00</Prihod><Odhod>22:00</Odhod><$><id>6</id></$><Prihod>8:00</Prihod><Odhod>10:00</Odhod><$><id>7</id></$><Prihod>8:00</Prihod><Odhod>16:00</Odhod></Zaposlen></Petek><$><st>3</st></$><Ponedeljek><Zaposlen><$><id>1</id></$><Prihod>17:00</Prihod><Odhod>18:00</Odhod><$><id>5</id></$><Prihod>20:00</Prihod><Odhod>21:00</Odhod><$><id>7</id></$><Prihod>8:00</Prihod><Odhod>17:00</Odhod><$><id>3</id></$><Prihod>10:00</Prihod><Odhod>18:00</Odhod></Zaposlen></Ponedeljek><Torek><Zaposlen><$><id>2</id></$><Prihod>8:00</Prihod><Odhod>9:00</Odhod><$><id>3</id></$><Prihod>10:00</Prihod><Odhod>16:00</Odhod><$><id>1</id></$><Prihod>15:00</Prihod><Odhod>19:00</Odhod><$><id>6</id></$><Prihod>21:00</Prihod><Odhod>22:00</Odhod></Zaposlen></Torek><Sreda><Zaposlen><$><id>3</id></$><Prihod>18:00</Prihod><Odhod>19:00</Odhod><$><id>2</id></$><Prihod>14:00</Prihod><Odhod>17:00</Odhod><$><id>4</id></$><Prihod>9:00</Prihod><Odhod>13:00</Odhod></Zaposlen></Sreda><Cetrtek><Zaposlen><$><id>3</id></$><Prihod>10:00</Prihod><Odhod>15:00</Odhod></Zaposlen></Cetrtek><Petek><Zaposlen><$><id>1</id></$><Prihod>8:00</Prihod><Odhod>16:00</Odhod><$><id>2</id></$><Prihod>10:00</Prihod><Odhod>12:00</Odhod><$><id>3</id></$><Prihod>14:00</Prihod><Odhod>18:00</Odhod><$><id>4</id></$><Prihod>20:00</Prihod><Odhod>22:00</Odhod><$><id>5</id></$><Prihod>8:00</Prihod><Odhod>14:00</Odhod><$><id>6</id></$><Prihod>15:00</Prihod><Odhod>18:00</Odhod><$><id>7</id></$><Prihod>18:00</Prihod><Odhod>21:00</Odhod></Zaposlen></Petek>