[{"$":{"st":"1"},"Ponedeljek":[{"Zaposlen":[{"$":{"id":"2"},"Prihod":["8:00"],"Odhod":["16:00"]},{"$":{"id":"3"},"Prihod":["9:00"],"Odhod":["13:00"]}]}],"Torek":[{"Zaposlen":[{"$":{"id":"6"},"Prihod":["7:00"],"Odhod":["14:00"]}]}],"Sreda":[{"Zaposlen":[{"$":{"id":"1"},"Prihod":["6:00"],"Odhod":["14:00"]},{"$":{"id":"2"},"Prihod":["10:00"],"Odhod":["19:00"]},{"$":{"id":"3"},"Prihod":["11:00"],"Odhod":["13:00"]},{"$":{"id":"4"},"Prihod":["8:00"],"Odhod":["10:00"]}]}],"Cetrtek":[{"Zaposlen":[{"$":{"id":"3"},"Prihod":["6:00"],"Odhod":["15:00"]}]}],"Petek":[{"Zaposlen":[{"$":{"id":"1"},"Prihod":["8:00"],"Odhod":["16:00"]},{"$":{"id":"2"},"Prihod":["9:00"],"Odhod":["17:00"]},{"$":{"id":"3"},"Prihod":["7:00"],"Odhod":["11:00"]},{"$":{"id":"4"},"Prihod":["15:00"],"Odhod":["21:00"]},{"$":{"id":"5"},"Prihod":["10:00"],"Odhod":["22:00"]},{"$":{"id":"6"},"Prihod":["8:00"],"Odhod":["10:00"]},{"$":{"id":"7"},"Prihod":["8:00"],"Odhod":["16:00"]}]}]},{"$":{"st":"3"},"Ponedeljek":[{"Zaposlen":[{"$":{"id":"1"},"Prihod":["17:00"],"Odhod":["18:00"]},{"$":{"id":"5"},"Prihod":["20:00"],"Odhod":["21:00"]},{"$":{"id":"7"},"Prihod":["8:00"],"Odhod":["17:00"]},{"$":{"id":"3"},"Prihod":["10:00"],"Odhod":["18:00"]}]}],"Torek":[{"Zaposlen":[{"$":{"id":"2"},"Prihod":["8:00"],"Odhod":["9:00"]},{"$":{"id":"3"},"Prihod":["10:00"],"Odhod":["16:00"]},{"$":{"id":"1"},"Prihod":["15:00"],"Odhod":["19:00"]},{"$":{"id":"6"},"Prihod":["21:00"],"Odhod":["22:00"]}]}],"Sreda":[{"Zaposlen":[{"$":{"id":"3"},"Prihod":["18:00"],"Odhod":["19:00"]},{"$":{"id":"2"},"Prihod":["14:00"],"Odhod":["17:00"]},{"$":{"id":"4"},"Prihod":["9:00"],"Odhod":["13:00"]}]}],"Cetrtek":[{"Zaposlen":[{"$":{"id":"3"},"Prihod":["10:00"],"Odhod":["15:00"]}]}],"Petek":[{"Zaposlen":[{"$":{"id":"1"},"Prihod":["8:00"],"Odhod":["16:00"]},{"$":{"id":"2"},"Prihod":["10:00"],"Odhod":["12:00"]},{"$":{"id":"3"},"Prihod":["14:00"],"Odhod":["18:00"]},{"$":{"id":"4"},"Prihod":["20:00"],"Odhod":["22:00"]},{"$":{"id":"5"},"Prihod":["8:00"],"Odhod":["14:00"]},{"$":{"id":"6"},"Prihod":["15:00"],"Odhod":["18:00"]},{"$":{"id":"7"},"Prihod":["18:00"],"Odhod":["21:00"]}]}]}]